{
    "SMALL_Y1": {
        "digit_mean_errors": {
            "0": 0.014100000000000001,
            "1": 0.0,
            "2": 0.0,
            "3": 0.0,
            "4": 0.0
        },
        "digit_std_errors": {
            "0": 0.013902580258025802,
            "1": 0.0,
            "2": 0.0,
            "3": 0.0,
            "4": 0.0
        }
    },
    "SMALL_Y2": {
        "digit_mean_errors": {
            "0": 0.012100000000000222,
            "1": 0.0,
            "2": 0.0,
            "3": 0.0,
            "4": 0.0
        },
        "digit_std_errors": {
            "0": 0.011954785478547857,
            "1": 0.0,
            "2": 0.0,
            "3": 0.0,
            "4": 0.0
        }
    },
    "SMALL_Y3": {
        "digit_mean_errors": {
            "0": 0.004999999999999893,
            "1": 0.0,
            "2": 0.0,
            "3": 0.0,
            "4": 0.0
        },
        "digit_std_errors": {
            "0": 0.005175517551755177,
            "1": 0.0,
            "2": 0.0,
            "3": 0.0,
            "4": 0.0
        }
    },
    "SMALL_Y4": {
        "digit_mean_errors": {
            "0": 0.005599999999999827,
            "1": 0.0,
            "2": 0.0,
            "3": 0.0,
            "4": 0.0
        },
        "digit_std_errors": {
            "0": 0.005569196919691971,
            "1": 0.0,
            "2": 0.0,
            "3": 0.0,
            "4": 0.0
        }
    },
    "SMALL_Y5": {
        "digit_mean_errors": {
            "0": 0.00890000000000013,
            "1": 0.0,
            "2": 0.0,
            "3": 0.0,
            "4": 0.0
        },
        "digit_std_errors": {
            "0": 0.00882167216721672,
            "1": 0.0,
            "2": 0.0,
            "3": 0.0,
            "4": 0.0
        }
    },
    "FLORAL_Y1": {
        "digit_mean_errors": {
            "0": 0.0264000000000002,
            "1": 0.0,
            "2": 0.0,
            "3": 0.0,
            "4": 0.0
        },
        "digit_std_errors": {
            "0": 0.025705610561056098,
            "1": 0.0,
            "2": 0.0,
            "3": 0.0,
            "4": 0.0
        }
    },
    "FLORAL_Y2": {
        "digit_mean_errors": {
            "0": 0.016799999999999926,
            "1": 0.0,
            "2": 0.0,
            "3": 0.0,
            "4": 0.0
        },
        "digit_std_errors": {
            "0": 0.016519411941194113,
            "1": 0.0,
            "2": 0.0,
            "3": 0.0,
            "4": 0.0
        }
    },
    "FLORAL_Y3": {
        "digit_mean_errors": {
            "0": 0.007099999999999884,
            "1": 0.0,
            "2": 0.0,
            "3": 0.0,
            "4": 0.0
        },
        "digit_std_errors": {
            "0": 0.007050295029502948,
            "1": 0.0,
            "2": 0.0,
            "3": 0.0,
            "4": 0.0
        }
    },
    "FLORAL_Y4": {
        "digit_mean_errors": {
            "0": 0.008300000000000196,
            "1": 0.0,
            "2": 0.0,
            "3": 0.0,
            "4": 0.0
        },
        "digit_std_errors": {
            "0": 0.008231933193319331,
            "1": 0.0,
            "2": 0.0,
            "3": 0.0,
            "4": 0.0
        }
    },
    "FLORAL_Y5": {
        "digit_mean_errors": {
            "0": 0.011200000000000099,
            "1": 0.0,
            "2": 0.0,
            "3": 0.0,
            "4": 0.0
        },
        "digit_std_errors": {
            "0": 0.011075667566756677,
            "1": 0.0,
            "2": 0.0,
            "3": 0.0,
            "4": 0.0
        }
    },
    "LARGE_Y1": {
        "digit_mean_errors": {
            "0": 2.860900000000001,
            "1": 0.21819999999999995,
            "2": 0.009100000000000108,
            "3": 0.09770000000000056,
            "4": 0.5749999999999993
        },
        "digit_std_errors": {
            "0": 33.395991849184924,
            "1": 0.7689509350935086,
            "2": 0.06937242724272408,
            "3": 0.3935051005100494,
            "4": 1.3145164516451633
        }
    },
    "LARGE_Y2": {
        "digit_mean_errors": {
            "0": 2.299000000000003,
            "1": 0.2698999999999998,
            "2": 0.05769999999999986,
            "3": 0.38859999999999983,
            "4": 0.6292000000000009
        },
        "digit_std_errors": {
            "0": 7.247141914191417,
            "1": 0.8497997699769995,
            "2": 0.11811786178617822,
            "3": 0.3897687368736866,
            "4": 10.09119455945594
        }
    },
    "LARGE_Y3": {
        "digit_mean_errors": {
            "0": 0.20309999999999917,
            "1": 0.04419999999999996,
            "2": 0.11130000000000001,
            "3": 0.24160000000000004,
            "4": 0.49860000000000015
        },
        "digit_std_errors": {
            "0": 10.778727402740287,
            "1": 0.05035167516751726,
            "2": 0.13055724572457272,
            "3": 0.8610982698269805,
            "4": 1.3672398439843985
        }
    },
    "LARGE_Y4": {
        "digit_mean_errors": {
            "0": 0.11019999999999897,
            "1": 0.0142,
            "2": 0.11860000000000001,
            "3": 0.8632999999999997,
            "4": 0.23110000000000008
        },
        "digit_std_errors": {
            "0": 0.23278715871586542,
            "1": 0.010936533653365343,
            "2": 0.2387574357435745,
            "3": 3.6422681168116853,
            "4": 0.6403741674167414
        }
    },
    "LARGE_Y5": {
        "digit_mean_errors": {
            "0": 0.45449999999999946,
            "1": 0.0054,
            "2": 0.040799999999999996,
            "3": 0.28269999999999995,
            "4": 0.08789999999999987
        },
        "digit_std_errors": {
            "0": 0.4750121512151253,
            "1": 0.00534329432943294,
            "2": 0.0616167216721672,
            "3": 1.3564801780178026,
            "4": 0.23203859385938497
        }
    },
    "MEDIUM_Y1": {
        "digit_mean_errors": {
            "0": 0.15790000000000148,
            "1": 0.005,
            "2": 0.034100000000000005,
            "3": 0.1569999999999998,
            "4": 0.0595
        },
        "digit_std_errors": {
            "0": 0.7467432243224348,
            "1": 0.0047314731473147315,
            "2": 0.043036173617361735,
            "3": 0.3241088108810879,
            "4": 0.21435248524852435
        }
    },
    "MEDIUM_Y2": {
        "digit_mean_errors": {
            "0": 0.005300000000000082,
            "1": 0.0052,
            "2": 0.0329,
            "3": 0.14260000000000006,
            "4": 0.11219999999999997
        },
        "digit_std_errors": {
            "0": 0.44628695869587,
            "1": 0.00513811381138114,
            "2": 0.04819560956095612,
            "3": 0.47886404640463986,
            "4": 0.37966880688068794
        }
    },
    "MEDIUM_Y3": {
        "digit_mean_errors": {
            "0": 0.10299999999999976,
            "1": 0.0023999999999999994,
            "2": 0.018299999999999997,
            "3": 0.1238999999999999,
            "4": 0.10029999999999994
        },
        "digit_std_errors": {
            "0": 1.0750885088508841,
            "1": 0.0023565556555655565,
            "2": 0.026474237423742372,
            "3": 0.43757102710271,
            "4": 0.32699884988498895
        }
    },
    "MEDIUM_Y4": {
        "digit_mean_errors": {
            "0": 0.07699999999999996,
            "1": 0.0035,
            "2": 0.007800000000000001,
            "3": 0.1471,
            "4": 0.00020000000000000573
        },
        "digit_std_errors": {
            "0": 0.523426942694269,
            "1": 0.00368811881188119,
            "2": 0.009835943594359433,
            "3": 0.43687585758575875,
            "4": 0.05731081108110814
        }
    },
    "MEDIUM_Y5": {
        "digit_mean_errors": {
            "0": 0.07060000000000066,
            "1": 0.0025,
            "2": 0.009000000000000001,