{
    "SMALL_Y1": {
        "digit_mean_errors": {
            "0": 0.0,
            "1": 0.0,
            "2": 0.0,
            "3": 0.0,
            "4": 0.0
        },
        "digit_std_errors": {
            "0": 0.0,
            "1": 0.0,
            "2": 0.0,
            "3": 0.0,
            "4": 0.0
        }
    },
    "SMALL_Y2": {
        "digit_mean_errors": {
            "0": 0.0,
            "1": 0.0,
            "2": 0.0,
            "3": 0.0,
            "4": 0.0
        },
        "digit_std_errors": {
            "0": 0.0,
            "1": 0.0,
            "2": 0.0,
            "3": 0.0,
            "4": 0.0
        }
    },
    "SMALL_Y3": {
        "digit_mean_errors": {
            "0": 0.0,
            "1": 0.0,
            "2": 0.0,
            "3": 0.0,
            "4": 0.0
        },
        "digit_std_errors": {
            "0": 0.0,
            "1": 0.0,
            "2": 0.0,
            "3": 0.0,
            "4": 0.0
        }
    },
    "SMALL_Y4": {
        "digit_mean_errors": {
            "0": 0.0,
            "1": 0.0,
            "2": 0.0,
            "3": 0.0,
            "4": 0.0
        },
        "digit_std_errors": {
            "0": 0.0,
            "1": 0.0,
            "2": 0.0,
            "3": 0.0,
            "4": 0.0
        }
    },
    "SMALL_Y5": {
        "digit_mean_errors": {
            "0": 0.00039999999999995595,
            "1": 0.0,
            "2": 0.0,
            "3": 0.0001,
            "4": 0.0003
        },
        "digit_std_errors": {
            "0": 0.0007999199919991996,
            "1": 0.0,
            "2": 0.0,
            "3": 0.00010000000000000007,
            "4": 0.0004999599959995999
        }
    },
    "FLORAL_Y1": {
        "digit_mean_errors": {
            "0": 0.0,
            "1": 0.0,
            "2": 0.0,
            "3": 0.0,
            "4": 0.0
        },
        "digit_std_errors": {
            "0": 0.0,
            "1": 0.0,
            "2": 0.0,
            "3": 0.0,
            "4": 0.0
        }
    },
    "FLORAL_Y2": {
        "digit_mean_errors": {
            "0": 0.0,
            "1": 0.0,
            "2": 0.0,
            "3": 0.0,
            "4": 0.0
        },
        "digit_std_errors": {
            "0": 0.0,
            "1": 0.0,
            "2": 0.0,
            "3": 0.0,
            "4": 0.0
        }
    },
    "FLORAL_Y3": {
        "digit_mean_errors": {
            "0": 0.0,
            "1": 0.0,
            "2": 0.0,
            "3": 0.0,
            "4": 0.0
        },
        "digit_std_errors": {
            "0": 0.0,
            "1": 0.0,
            "2": 0.0,
            "3": 0.0,
            "4": 0.0
        }
    },
    "FLORAL_Y4": {
        "digit_mean_errors": {
            "0": 0.0,
            "1": 0.0,
            "2": 0.0,
            "3": 0.0,
            "4": 0.0
        },
        "digit_std_errors": {
            "0": 0.0,
            "1": 0.0,
            "2": 0.0,
            "3": 0.0,
            "4": 0.0
        }
    },
    "FLORAL_Y5": {
        "digit_mean_errors": {
            "0": 0.0,
            "1": 0.0,
            "2": 0.0,
            "3": 0.0,
            "4": 0.0
        },
        "digit_std_errors": {
            "0": 0.0,
            "1": 0.0,
            "2": 0.0,
            "3": 0.0,
            "4": 0.0
        }
    },
    "LARGE_Y1": {
        "digit_mean_errors": {
            "0": 0.17939999999999756,
            "1": 0.15959999999999974,
            "2": 0.01750000000000007,
            "3": 0.0045000000000001705,
            "4": 0.8363999999999994
        },
        "digit_std_errors": {
            "0": 4.693378937893797,
            "1": 0.2484605260526056,
            "2": 0.03677492749274913,
            "3": 0.5733784878487835,
            "4": 2.015692129212921
        }
    },
    "LARGE_Y2": {
        "digit_mean_errors": {
            "0": 1.008700000000001,
            "1": 0.08079999999999998,
            "2": 0.05449999999999999,
            "3": 0.32609999999999983,
            "4": 0.4698000000000011
        },
        "digit_std_errors": {
            "0": 0.10763473347333274,
            "1": 0.6129390539053912,
            "2": 0.24111996199619945,
            "3": 0.09050756075607502,
            "4": 0.3614286628662917
        }
    },
    "LARGE_Y3": {
        "digit_mean_errors": {
            "0": 0.18350000000000222,
            "1": 0.01040000000000002,
            "2": 0.03489999999999999,
            "3": 0.37270000000000003,
            "4": 0.45100000000000007
        },
        "digit_std_errors": {
            "0": 1.3137842284228611,
            "1": 0.0668631663166317,
            "2": 0.06796328632863291,
            "3": 0.8365260626062625,
            "4": 0.25768616861686056
        }
    },
    "LARGE_Y4": {
        "digit_mean_errors": {
            "0": 0.0023999999999997357,
            "1": 0.0196,
            "2": 0.0116,
            "3": 0.6745999999999999,
            "4": 0.3475999999999999
        },
        "digit_std_errors": {
            "0": 1.080208180818083,
            "1": 0.04522476247624761,
            "2": 0.0725362136213622,
            "3": 3.166385478547852,
            "4": 1.2007210321032105
        }
    },
    "LARGE_Y5": {
        "digit_mean_errors": {
            "0": 0.31540000000000035,
            "1": 0.0024000000000000002,
            "2": 0.009099999999999997,
            "3": 0.013800000000000034,
            "4": 0.31169999999999964
        },
        "digit_std_errors": {
            "0": 1.4922279427942833,
            "1": 0.001967556755675565,
            "2": 0.025278177817781758,
            "3": 0.24671455145514587,
            "4": 0.21933428342834294
        }
    },
    "MEDIUM_Y1": {
        "digit_mean_errors": {
            "0": 0.3086000000000002,
            "1": 0.0063,
            "2": 0.028300000000000006,
            "3": 0.02300000000000013,
            "4": 0.014000000000000012
        },
        "digit_std_errors": {
            "0": 0.612915971597161,
            "1": 0.006221872187218723,
            "2": 0.041563826382638266,
            "3": 0.12333193319331981,
            "4": 0.09821542154215424
        }
    },
    "MEDIUM_Y2": {
        "digit_mean_errors": {
            "0": 0.14839999999999876,
            "1": 0.0011000000000000003,
            "2": 0.014399999999999996,
            "3": 0.09260000000000002,
            "4": 0.09010000000000007
        },
        "digit_std_errors": {
            "0": 0.4698526652665258,
            "1": 0.0030801780178017785,
            "2": 0.006720992099209899,
            "3": 0.25818245824582453,
            "4": 0.18236122612261263
        }
    },
    "MEDIUM_Y3": {
        "digit_mean_errors": {
            "0": 0.20869999999999855,
            "1": 0.000700000000000001,
            "2": 0.014399999999999996,
            "3": 0.031200000000000117,
            "4": 0.0645
        },
        "digit_std_errors": {
            "0": 0.7261879287928785,
            "1": 0.0011140414041404187,
            "2": 0.006618901890189002,
            "3": 0.07995695569556904,
            "4": 0.17776042604260356
        }
    },
    "MEDIUM_Y4": {
        "digit_mean_errors": {
            "0": 0.0037000000000002586,
            "1": 0.0028,
            "2": 0.002199999999999997,
            "3": 0.1008,
            "4": 0.07930000000000001
        },
        "digit_std_errors": {
            "0": 0.06602975297529756,
            "1": 0.0029885388538853906,
            "2": 0.0004750875087508738,
            "3": 0.426006440644064,
            "4": 0.2716187518751877
        }
    },
    "MEDIUM_Y5": {
        "digit_mean_errors": {
            "0": 0.10810000000000031,
            "1": 0.0022,
            "2": 0.00040000000000000105,
            "3": 0.040100000000000025,
            "4": 0.07629999999999998
        },
        "digit_std_errors": {
            "0": 0.7642798979897982,
            "1": 0.002194059405940594,