{
    "SMALL_Y1": {
        "digit_mean_errors": {
            "0": 0.0,
            "1": 0.0,
            "2": 0.0,
            "3": 0.0,
            "4": 0.0
        },
        "digit_std_errors": {
            "0": 0.0,
            "1": 0.0,
            "2": 0.0,
            "3": 0.0,
            "4": 0.0
        }
    },
    "SMALL_Y2": {
        "digit_mean_errors": {
            "0": 0.00019999999999997797,
            "1": 0.0,
            "2": 0.0,
            "3": 0.0,
            "4": 0.0
        },
        "digit_std_errors": {
            "0": 0.0001999799979997999,
            "1": 0.0,
            "2": 0.0,
            "3": 0.0,
            "4": 0.0
        }
    },
    "SMALL_Y3": {
        "digit_mean_errors": {
            "0": 0.0,
            "1": 0.0,
            "2": 0.0,
            "3": 0.0,
            "4": 0.0
        },
        "digit_std_errors": {
            "0": 0.0,
            "1": 0.0,
            "2": 0.0,
            "3": 0.0,
            "4": 0.0
        }
    },
    "SMALL_Y4": {
        "digit_mean_errors": {
            "0": 0.0,
            "1": 0.0,
            "2": 0.0,
            "3": 0.0,
            "4": 0.0
        },
        "digit_std_errors": {
            "0": 0.0,
            "1": 0.0,
            "2": 0.0,
            "3": 0.0,
            "4": 0.0
        }
    },
    "SMALL_Y5": {
        "digit_mean_errors": {
            "0": 0.0,
            "1": 0.0,
            "2": 0.0,
            "3": 0.0,
            "4": 0.0
        },
        "digit_std_errors": {
            "0": 0.0,
            "1": 0.0,
            "2": 0.0,
            "3": 0.0,
            "4": 0.0
        }
    },
    "FLORAL_Y1": {
        "digit_mean_errors": {
            "0": 0.0,
            "1": 0.0,
            "2": 0.0,
            "3": 0.0,
            "4": 0.0
        },
        "digit_std_errors": {
            "0": 0.0,
            "1": 0.0,
            "2": 0.0,
            "3": 0.0,
            "4": 0.0
        }
    },
    "FLORAL_Y2": {
        "digit_mean_errors": {
            "0": 0.0,
            "1": 0.0,
            "2": 0.0,
            "3": 0.0,
            "4": 0.0
        },
        "digit_std_errors": {
            "0": 0.0,
            "1": 0.0,
            "2": 0.0,
            "3": 0.0,
            "4": 0.0
        }
    },
    "FLORAL_Y3": {
        "digit_mean_errors": {
            "0": 0.0,
            "1": 0.0,
            "2": 0.0,
            "3": 0.0,
            "4": 0.0
        },
        "digit_std_errors": {
            "0": 0.0,
            "1": 0.0,
            "2": 0.0,
            "3": 0.0,
            "4": 0.0
        }
    },
    "FLORAL_Y4": {
        "digit_mean_errors": {
            "0": 0.0,
            "1": 0.0,
            "2": 0.0,
            "3": 0.0,
            "4": 0.0
        },
        "digit_std_errors": {
            "0": 0.0,
            "1": 0.0,
            "2": 0.0,
            "3": 0.0,
            "4": 0.0
        }
    },
    "FLORAL_Y5": {
        "digit_mean_errors": {
            "0": 0.0,
            "1": 0.0,
            "2": 0.0,
            "3": 0.0,
            "4": 0.0
        },
        "digit_std_errors": {
            "0": 0.0,
            "1": 0.0,
            "2": 0.0,
            "3": 0.0,
            "4": 0.0
        }
    },
    "LARGE_Y1": {
        "digit_mean_errors": {
            "0": 2.285499999999999,
            "1": 0.0035999999999996035,
            "2": 0.023199999999999887,
            "3": 0.04459999999999997,
            "4": 0.6703000000000001
        },
        "digit_std_errors": {
            "0": 21.142204670467052,
            "1": 0.031795659565956313,
            "2": 0.04220406040604052,
            "3": 0.10793271327132814,
            "4": 2.5125932093209347
        }
    },
    "LARGE_Y2": {
        "digit_mean_errors": {
            "0": 0.48939999999999984,
            "1": 0.09919999999999973,
            "2": 0.05620000000000003,
            "3": 0.11880000000000024,
            "4": 0.22139999999999915
        },
        "digit_std_errors": {
            "0": 5.200143454345451,
            "1": 0.4495191919191921,
            "2": 0.12726520652065165,
            "3": 0.5960614461446125,
            "4": 2.918686548654861
        }
    },
    "LARGE_Y3": {
        "digit_mean_errors": {
            "0": 0.560100000000002,
            "1": 0.14459999999999998,
            "2": 0.10389999999999999,
            "3": 0.23660000000000014,
            "4": 0.3658000000000001
        },
        "digit_std_errors": {
            "0": 4.770544004400421,
            "1": 0.4850160216021602,
            "2": 0.1729320032003201,
            "3": 0.22938909890988768,
            "4": 0.9182269426942682
        }
    },
    "LARGE_Y4": {
        "digit_mean_errors": {
            "0": 0.22309999999999874,
            "1": 0.018,
            "2": 0.0859,
            "3": 0.5663999999999998,
            "4": 0.21030000000000015
        },
        "digit_std_errors": {
            "0": 0.31240037003699683,
            "1": 0.018627862786278634,
            "2": 0.17182539253925405,
            "3": 2.777022662266228,
            "4": 0.6094481948194823
        }
    },
    "LARGE_Y5": {
        "digit_mean_errors": {
            "0": 0.21979999999999933,
            "1": 0.0071,
            "2": 0.028399999999999995,
            "3": 0.14589999999999992,
            "4": 0.27380000000000004
        },
        "digit_std_errors": {
            "0": 1.7839439143914397,
            "1": 0.008037613761376136,
            "2": 0.04208292829282925,
            "3": 0.5743813281328136,
            "4": 0.11557955795579566
        }
    },
    "MEDIUM_Y1": {
        "digit_mean_errors": {
            "0": 0.2621000000000002,
            "1": 0.0033,
            "2": 0.016800000000000002,
            "3": 0.018899999999999917,
            "4": 0.07399999999999995
        },
        "digit_std_errors": {
            "0": 0.9294035703570387,
            "1": 0.0030491549154915507,
            "2": 0.021907310731073118,
            "3": 0.11268145814581398,
            "4": 0.269296529652965
        }
    },
    "MEDIUM_Y2": {
        "digit_mean_errors": {
            "0": 0.20849999999999902,
            "1": 0.0051,
            "2": 0.017499999999999995,
            "3": 0.028900000000000148,
            "4": 0.04079999999999995
        },
        "digit_std_errors": {
            "0": 0.23252410241024002,
            "1": 0.00523881388138814,
            "2": 0.024247174717471773,
            "3": 0.20656296629662974,
            "4": 0.11056369636963681
        }
    },
    "MEDIUM_Y3": {
        "digit_mean_errors": {
            "0": 0.14100000000000001,
            "1": 0.003,
            "2": 0.012999999999999998,
            "3": 0.06729999999999992,
            "4": 0.04619999999999991
        },
        "digit_std_errors": {
            "0": 0.7095199519951993,
            "1": 0.0035475547554755463,
            "2": 0.018207820782078207,
            "3": 0.17305901590159056,
            "4": 0.10479815981598195
        }
    },
    "MEDIUM_Y4": {
        "digit_mean_errors": {
            "0": 0.2751999999999999,
            "1": 0.0033,
            "2": 0.008,
            "3": 0.0121,
            "4": 0.022299999999999986
        },
        "digit_std_errors": {
            "0": 0.8410684268426838,
            "1": 0.0034881388138813902,
            "2": 0.010428242824282428,
            "3": 0.06349051905190528,
            "4": 0.05842401240124001
        }
    },
    "MEDIUM_Y5": {
        "digit_mean_errors": {
            "0": 0.19690000000000119,
            "1": 0.0025,
            "2": 0.008300000000000002,
            "3": 0.07050000000000001,
            "4": 0.07729999999999998
        },
        "digit_std_errors": {
            "0": 0.2827435843584345,
            "1": 0.002493999399939994,
            "2": 0.007961326132613265,
            "3": 0.25804485448544856,