{
    "SMALL_Y1": {
        "digit_mean_errors": {
            "0": 0.05710000000000015,
            "1": 0.0011,
            "2": 0.001,
            "3": 0.0003,
            "4": 0.0001
        },
        "digit_std_errors": {
            "0": 0.054044994499449946,
            "1": 0.0010988998899889987,
            "2": 0.000999099909990999,
            "3": 0.0004999599959996,
            "4": 0.00010000000000000007
        }
    },
    "SMALL_Y2": {
        "digit_mean_errors": {
            "0": 0.06239999999999979,
            "1": 0.0001,
            "2": 0.0009,
            "3": 0.0003,
            "4": 0.0001
        },
        "digit_std_errors": {
            "0": 0.05871211121112112,
            "1": 0.00010000000000000002,
            "2": 0.000899279927992799,
            "3": 0.0004999599959996,
            "4": 0.00010000000000000007
        }
    },
    "SMALL_Y3": {
        "digit_mean_errors": {
            "0": 0.03189999999999982,
            "1": 0.0,
            "2": 0.0009,
            "3": 0.0,
            "4": 0.0
        },
        "digit_std_errors": {
            "0": 0.031285518551855185,
            "1": 0.0,
            "2": 0.0008992799279927988,
            "3": 0.0,
            "4": 0.0
        }
    },
    "SMALL_Y4": {
        "digit_mean_errors": {
            "0": 0.08009999999999984,
            "1": 0.0,
            "2": 0.0,
            "3": 0.0029,
            "4": 0.0001
        },
        "digit_std_errors": {
            "0": 0.07369135913591363,
            "1": 0.0,
            "2": 0.0,
            "3": 0.00929251925192519,
            "4": 0.00010000000000000006
        }
    },
    "SMALL_Y5": {
        "digit_mean_errors": {
            "0": 0.0754999999999999,
            "1": 0.0,
            "2": 0.0,
            "3": 0.0004,
            "4": 0.0007
        },
        "digit_std_errors": {
            "0": 0.0702067706770677,
            "1": 0.0,
            "2": 0.0,
            "3": 0.000599899989999,
            "4": 0.0008995999599959996
        }
    },
    "FLORAL_Y1": {
        "digit_mean_errors": {
            "0": 0.05710000000000015,
            "1": 0.0022,
            "2": 0.0,
            "3": 0.0008,
            "4": 0.0002
        },
        "digit_std_errors": {
            "0": 0.055445134513451344,
            "1": 0.0023953995399539955,
            "2": 0.0,
            "3": 0.0009994599459945996,
            "4": 0.0001999799979997999
        }
    },
    "FLORAL_Y2": {
        "digit_mean_errors": {
            "0": 0.05410000000000004,
            "1": 0.0013,
            "2": 0.0003,
            "3": 0.0007,
            "4": 0.0002
        },
        "digit_std_errors": {
            "0": 0.051778367836783676,
            "1": 0.0012984398439843993,
            "2": 0.0002999399939994,
            "3": 0.0006995799579957995,
            "4": 0.0001999799979997999
        }
    },
    "FLORAL_Y3": {
        "digit_mean_errors": {
            "0": 0.03710000000000013,
            "1": 0.0002,
            "2": 0.0,
            "3": 0.0001,
            "4": 0.0001
        },
        "digit_std_errors": {
            "0": 0.035727162716271625,
            "1": 0.00019997999799979994,
            "2": 0.0,
            "3": 0.00010000000000000002,
            "4": 0.00010000000000000009
        }
    },
    "FLORAL_Y4": {
        "digit_mean_errors": {
            "0": 0.0636000000000001,
            "1": 0.0004,
            "2": 0.0002,
            "3": 0.0015,
            "4": 0.0002
        },
        "digit_std_errors": {
            "0": 0.05976101610161016,
            "1": 0.00039987998799879997,
            "2": 0.00019997999799979994,
            "3": 0.0018979397939793982,
            "4": 0.0001999799979997999
        }
    },
    "FLORAL_Y5": {
        "digit_mean_errors": {
            "0": 0.053300000000000125,
            "1": 0.0004,
            "2": 0.0,
            "3": 0.001,
            "4": 0.0004
        },
        "digit_std_errors": {
            "0": 0.05086419641964196,
            "1": 0.0003998799879987999,
            "2": 0.0,
            "3": 0.0013991399139913997,
            "4": 0.00039987998799879997
        }
    },
    "LARGE_Y1": {
        "digit_mean_errors": {
            "0": 2.586500000000001,
            "1": 0.4469999999999996,
            "2": 0.010099999999999998,
            "3": 0.23770000000000024,
            "4": 0.6595999999999993
        },
        "digit_std_errors": {
            "0": 156.24512636263626,
            "1": 3.902790079007901,
            "2": 0.4066999599959984,
            "3": 0.5072569756975707,
            "4": 12.916656785678565
        }
    },
    "LARGE_Y2": {
        "digit_mean_errors": {
            "0": 0.48579999999999757,
            "1": 0.2602000000000002,
            "2": 0.36819999999999986,
            "3": 0.5916999999999999,
            "4": 1.1880000000000006
        },
        "digit_std_errors": {
            "0": 97.60582850285029,
            "1": 4.408458405840586,
            "2": 0.09912311231123105,
            "3": 2.039433153315332,
            "4": 41.81420862086209
        }
    },
    "LARGE_Y3": {
        "digit_mean_errors": {
            "0": 1.2058,
            "1": 0.016200000000000048,
            "2": 0.0020999999999999908,
            "3": 0.37380000000000013,
            "4": 0.6184999999999996
        },
        "digit_std_errors": {
            "0": 2.703871267126729,
            "1": 0.3743049504950495,
            "2": 0.04699860986098614,
            "3": 0.7907764376437658,
            "4": 1.9546693169316942
        }
    },
    "LARGE_Y4": {
        "digit_mean_errors": {
            "0": 0.5099,
            "1": 0.0162,
            "2": 0.03799999999999998,
            "3": 1.1051000000000002,
            "4": 0.1754
        },
        "digit_std_errors": {
            "0": 5.8374238123812425,
            "1": 0.024151775177517737,
            "2": 0.10074607460746088,
            "3": 6.567309720972098,
            "4": 0.8615298729872984
        }
    },
    "LARGE_Y5": {
        "digit_mean_errors": {
            "0": 0.29110000000000014,
            "1": 0.022,
            "2": 0.02099999999999999,
            "3": 0.006000000000000005,
            "4": 0.2391000000000001
        },
        "digit_std_errors": {
            "0": 3.6064948594859523,
            "1": 0.025166516651665163,
            "2": 0.038905290529052894,
            "3": 0.14696349634963468,
            "4": 0.684758085808582
        }
    },
    "MEDIUM_Y1": {
        "digit_mean_errors": {
            "0": 0.11050000000000004,
            "1": 0.0034000000000000002,
            "2": 0.0245,
            "3": 0.02960000000000007,
            "4": 0.13449999999999995
        },
        "digit_std_errors": {
            "0": 1.7247379237923761,
            "1": 0.0029479347934793475,
            "2": 0.03854580458045806,
            "3": 0.05372681268126733,
            "4": 0.49531058105810577
        }
    },
    "MEDIUM_Y2": {
        "digit_mean_errors": {
            "0": 0.1416000000000004,
            "1": 0.00020000000000000052,
            "2": 0.0023999999999999994,
            "3": 0.08030000000000004,
            "4": 0.05269999999999997
        },
        "digit_std_errors": {
            "0": 1.0006163816381637,
            "1": 0.00020350035003500674,
            "2": 0.015628602860286056,
            "3": 0.04726111611161077,
            "4": 0.1534396339633961
        }
    },
    "MEDIUM_Y3": {
        "digit_mean_errors": {
            "0": 0.021500000000001407,
            "1": 0.0002999999999999999,
            "2": 0.010800000000000004,
            "3": 0.1564000000000001,
            "4": 0.027200000000000002
        },
        "digit_std_errors": {
            "0": 0.9412513751375142,
            "1": 0.0005063206320632032,
            "2": 0.0009475347534753653,
            "3": 0.21093669366936618,
            "4": 0.08121740174017478
        }
    },