{
    "SMALL_Y1": {
        "percentage_errors": {
            "DORMANT": 300.0,
            "FLORAL": 6.070859872611465,
            "LARGE": 46.224489795918366,
            "MEDIUM": 6.0135790494665375,
            "SMALL": 27.52107925801012
        },
        "mean_error": 0.988,
        "std_error": 0.13585965473450334,
        "digit_mean_errors": {
            "0": 0.9903,
            "1": 0.0011,
            "2": 0.0004,
            "3": 0.0004,
            "4": 0.0004
        },
        "digit_std_errors": {
            "0": 0.011207030703070312,
            "1": 0.0010988998899889987,
            "2": 0.0003998799879988,
            "3": 0.0005998999899989999,
            "4": 0.0003998799879988
        }
    },
    "SMALL_Y2": {
        "percentage_errors": {
            "DORMANT": 300.0,
            "FLORAL": 4.9021368288741245,
            "LARGE": 59.14332784184514,
            "MEDIUM": 1.347305389221557,
            "SMALL": 20.183776932826365
        },
        "mean_error": 0.9922,
        "std_error": 0.11550105648609846,
        "digit_mean_errors": {
            "0": 0.9937999999999998,
            "1": 0.0005,
            "2": 0.0004,
            "3": 0.0001,
            "4": 0.0006
        },
        "digit_std_errors": {
            "0": 0.009162476247624762,
            "1": 0.0004997999799980001,
            "2": 0.0003998799879988,
            "3": 0.00010000000000000007,
            "4": 0.0005996999699969998
        }
    },
    "SMALL_Y3": {
        "percentage_errors": {
            "DORMANT": 900.0,
            "FLORAL": 8.546034639927074,
            "LARGE": 16.551724137931036,
            "MEDIUM": 32.97180043383948,
            "SMALL": 15.247524752475247
        },
        "mean_error": 0.9893000000000001,
        "std_error": 0.11483391782425725,
        "digit_mean_errors": {
            "0": 0.9906000000000001,
            "1": 0.0005,
            "2": 0.0001,
            "3": 0.0003,
            "4": 0.0004
        },
        "digit_std_errors": {
            "0": 0.009912631263126312,
            "1": 0.0004997999799979998,
            "2": 0.00010000000000000005,
            "3": 0.0002999399939994,
            "4": 0.0003998799879988
        }
    },
    "SMALL_Y4": {
        "percentage_errors": {
            "DORMANT": 700.0,
            "FLORAL": 7.38928939237899,
            "LARGE": 2200.0,
            "MEDIUM": 50.0,
            "SMALL": 32.95
        },
        "mean_error": 0.9916999999999998,
        "std_error": 0.12503068930197384,
        "digit_mean_errors": {
            "0": 0.9937999999999998,
            "1": 0.0005,
            "2": 0.0002,
            "3": 0.0006,
            "4": 0.0008
        },
        "digit_std_errors": {
            "0": 0.007362296229622961,
            "1": 0.0004997999799980001,
            "2": 0.0001999799979997999,
            "3": 0.0025998999899990017,
            "4": 0.0007994399439943993
        }
    },
    "SMALL_Y5": {
        "percentage_errors": {
            "DORMANT": 800.0,
            "FLORAL": 6.248007650621613,
            "LARGE": 2500.0,
            "MEDIUM": 6000.0,
            "SMALL": 7.94417606011809
        },
        "mean_error": 0.9887000000000001,
        "std_error": 0.13104971347828376,
        "digit_mean_errors": {
            "0": 0.9906999999999999,
            "1": 0.0004,
            "2": 0.0002,
            "3": 0.0009,
            "4": 0.0005
        },
        "digit_std_errors": {
            "0": 0.009814491449144919,
            "1": 0.0003998799879987999,
            "2": 0.0001999799979997999,
            "3": 0.002299419941994198,
            "4": 0.0004997999799980001
        }
    },
    "FLORAL_Y1": {
        "percentage_errors": {
            "DORMANT": 0.03,
            "FLORAL": 0.0,
            "MEDIUM": 100.0
        },
        "mean_error": 0.9975999999999998,
        "std_error": 0.05826301964321617,
        "digit_mean_errors": {
            "0": 0.9982000000000002,
            "1": 0.0002,
            "2": 0.0003,
            "3": 0.0001,
            "4": 0.0
        },
        "digit_std_errors": {
            "0": 0.0021969796979697965,
            "1": 0.00019997999799979997,
            "2": 0.00029993999399940003,
            "3": 0.00010000000000000003,
            "4": 0.0
        }
    },
    "FLORAL_Y2": {
        "percentage_errors": {
            "DORMANT": 0.04,
            "FLORAL": 0.0,
            "SMALL": 200.0
        },
        "mean_error": 0.9961000000000002,
        "std_error": 0.08053222053224653,
        "digit_mean_errors": {
            "0": 0.9975,
            "1": 0.0006,
            "2": 0.0002,
            "3": 0.0006,
            "4": 0.0
        },
        "digit_std_errors": {
            "0": 0.003294079407940794,
            "1": 0.0005996999699969998,
            "2": 0.0001999799979997999,
            "3": 0.0007997199719971998,
            "4": 0.0
        }
    },
    "FLORAL_Y3": {
        "percentage_errors": {
            "DORMANT": 0.01,
            "MEDIUM": 0.0
        },
        "mean_error": 0.9971000000000001,
        "std_error": 0.0639687361131982,
        "digit_mean_errors": {
            "0": 0.9975,
            "1": 0.0002,
            "2": 0.0001,
            "3": 0.0,
            "4": 0.0001
        },
        "digit_std_errors": {
            "0": 0.0030940594059405933,
            "1": 0.0001999799979998,
            "2": 0.00010000000000000003,
            "3": 0.0,
            "4": 0.00010000000000000002
        }
    },
    "FLORAL_Y4": {
        "percentage_errors": {
            "DORMANT": 0.09,
            "FLORAL": 300.0,
            "LARGE": 0.0,
            "SMALL": 300.0
        },
        "mean_error": 0.9967999999999999,
        "std_error": 0.09375840796380018,
        "digit_mean_errors": {
            "0": 0.9982000000000002,
            "1": 0.0003,
            "2": 0.0001,
            "3": 0.0007,
            "4": 0.0003
        },
        "digit_std_errors": {
            "0": 0.004797239723972396,
            "1": 0.0002999399939994,
            "2": 0.00010000000000000002,
            "3": 0.0012996399639963996,
            "4": 0.0002999399939994
        }
    },
    "FLORAL_Y5": {
        "percentage_errors": {
            "DORMANT": 0.06999999999999999,
            "FLORAL": 300.0,
            "LARGE": 0.0,
            "MEDIUM": 0.0,
            "SMALL": 0.0
        },
        "mean_error": 0.9958999999999998,
        "std_error": 0.09738654123564218,
        "digit_mean_errors": {
            "0": 0.9971999999999999,
            "1": 0.0004,
            "2": 0.0004,
            "3": 0.0004,
            "4": 0.0001
        },
        "digit_std_errors": {
            "0": 0.005392699269926992,
            "1": 0.00039987998799879997,
            "2": 0.0003998799879988,
            "3": 0.00039987998799879997,
            "4": 0.00010000000000000006
        }
    },
    "LARGE_Y1": {
        "percentage_errors": {
            "DORMANT": 1900.0,
            "FLORAL": 0.32973621103117506,
            "LARGE": 0.7123070834982193,
            "MEDIUM": 2.1739130434782608,
            "SMALL": 3900.0
        },
        "mean_error": 2.5920999999999985,
        "std_error": 4.155410926036378,
        "digit_mean_errors": {
            "0": 1.6682999999999986,
            "1": 0.38339999999999996,
            "2": 0.15710000000000002,
            "3": 0.3317999999999999,
            "4": 0.7150999999999996
        },
        "digit_std_errors": {
            "0": 58.917634573457335,
            "1": 1.8335921992199218,
            "2": 0.41155328532853286,
            "3": 1.4725251725172521,
            "4": 6.060871157115715
        }
    },
    "LARGE_Y2": {
        "percentage_errors": {
            "DORMANT": 8600.0,
            "FLORAL": 1.234991423670669,
            "LARGE": 11.2778730703259,
            "MEDIUM": 4.570184983677911,
            "SMALL": 16300.0
        },
        "mean_error": 3.739200000000004,