{
    "SMALL_Y1": {
        "digit_mean_errors": {
            "0": 0.01639999999999997,
            "1": 0.0,
            "2": 0.0,
            "3": 0.0,
            "4": 0.0
        },
        "digit_std_errors": {
            "0": 0.016132653265326532,
            "1": 0.0,
            "2": 0.0,
            "3": 0.0,
            "4": 0.0
        }
    },
    "SMALL_Y2": {
        "digit_mean_errors": {
            "0": 0.011099999999999888,
            "1": 0.0001,
            "2": 0.0,
            "3": 0.0002,
            "4": 0.0
        },
        "digit_std_errors": {
            "0": 0.012378027802780281,
            "1": 0.00010000000000000002,
            "2": 0.0,
            "3": 0.0004000000000000001,
            "4": 0.0
        }
    },
    "SMALL_Y3": {
        "digit_mean_errors": {
            "0": 0.006400000000000183,
            "1": 0.0,
            "2": 0.0,
            "3": 0.0,
            "4": 0.0
        },
        "digit_std_errors": {
            "0": 0.006759715971597159,
            "1": 0.0,
            "2": 0.0,
            "3": 0.0,
            "4": 0.0
        }
    },
    "SMALL_Y4": {
        "digit_mean_errors": {
            "0": 0.0047999999999999154,
            "1": 0.0,
            "2": 0.0,
            "3": 0.0,
            "4": 0.0
        },
        "digit_std_errors": {
            "0": 0.005377497749774977,
            "1": 0.0,
            "2": 0.0,
            "3": 0.0,
            "4": 0.0
        }
    },
    "SMALL_Y5": {
        "digit_mean_errors": {
            "0": 0.007099999999999884,
            "1": 0.0,
            "2": 0.0,
            "3": 0.0,
            "4": 0.0002
        },
        "digit_std_errors": {
            "0": 0.010250615061506149,
            "1": 0.0,
            "2": 0.0,
            "3": 0.0,
            "4": 0.00040000000000000013
        }
    },
    "FLORAL_Y1": {
        "digit_mean_errors": {
            "0": 0.030400000000000205,
            "1": 0.0,
            "2": 0.0,
            "3": 0.0,
            "4": 0.0
        },
        "digit_std_errors": {
            "0": 0.029478787878787886,
            "1": 0.0,
            "2": 0.0,
            "3": 0.0,
            "4": 0.0
        }
    },
    "FLORAL_Y2": {
        "digit_mean_errors": {
            "0": 0.0129999999999999,
            "1": 0.0,
            "2": 0.0004,
            "3": 0.0012,
            "4": 0.0021
        },
        "digit_std_errors": {
            "0": 0.16124712471247127,
            "1": 0.0,
            "2": 0.0009999399939994002,
            "3": 0.007399299929992998,
            "4": 0.023297919791979198
        }
    },
    "FLORAL_Y3": {
        "digit_mean_errors": {
            "0": 0.007200000000000095,
            "1": 0.0,
            "2": 0.0,
            "3": 0.0,
            "4": 0.0
        },
        "digit_std_errors": {
            "0": 0.00714887488748875,
            "1": 0.0,
            "2": 0.0,
            "3": 0.0,
            "4": 0.0
        }
    },
    "FLORAL_Y4": {
        "digit_mean_errors": {
            "0": 0.010800000000000143,
            "1": 0.0,
            "2": 0.0,
            "3": 0.0,
            "4": 0.0
        },
        "digit_std_errors": {
            "0": 0.010684428442844285,
            "1": 0.0,
            "2": 0.0,
            "3": 0.0,
            "4": 0.0
        }
    },
    "FLORAL_Y5": {
        "digit_mean_errors": {
            "0": 0.010499999999999954,
            "1": 0.0,
            "2": 0.0,
            "3": 0.0,
            "4": 0.0
        },
        "digit_std_errors": {
            "0": 0.010390789078907888,
            "1": 0.0,
            "2": 0.0,
            "3": 0.0,
            "4": 0.0
        }
    },
    "LARGE_Y1": {
        "digit_mean_errors": {
            "0": 2.6385000000000005,
            "1": 0.2136,
            "2": 0.0020000000000000018,
            "3": 0.09020000000000028,
            "4": 0.5789
        },
        "digit_std_errors": {
            "0": 38.761174767476746,
            "1": 0.8232468046804673,
            "2": 0.09003100310030998,
            "3": 0.6270207020702063,
            "4": 1.953424652465248
        }
    },
    "LARGE_Y2": {
        "digit_mean_errors": {
            "0": 2.106200000000001,
            "1": 0.26750000000000007,
            "2": 0.028799999999999937,
            "3": 0.3065000000000002,
            "4": 0.6126000000000005
        },
        "digit_std_errors": {
            "0": 6.6879655165516425,
            "1": 0.5965634063406346,
            "2": 0.10309382938293954,
            "3": 0.48104485448544754,
            "4": 10.107706250625053
        }
    },
    "LARGE_Y3": {
        "digit_mean_errors": {
            "0": 0.06680000000000064,
            "1": 0.062,
            "2": 0.10799999999999998,
            "3": 0.29600000000000026,
            "4": 0.5432000000000001
        },
        "digit_std_errors": {
            "0": 10.619947674767502,
            "1": 0.0995431543154317,
            "2": 0.146018601860186,
            "3": 0.8255945594559435,
            "4": 2.0732234823482347
        }
    },
    "LARGE_Y4": {
        "digit_mean_errors": {
            "0": 0.27970000000000006,
            "1": 0.007199999999999998,
            "2": 0.10870000000000002,
            "3": 0.8722000000000003,
            "4": 0.24629999999999996
        },
        "digit_std_errors": {
            "0": 0.06455278527852215,
            "1": 0.0028129212921292196,
            "2": 0.2314930393039305,
            "3": 3.466657505750577,
            "4": 0.793203370337034
        }
    },
    "LARGE_Y5": {
        "digit_mean_errors": {
            "0": 0.46170000000000044,
            "1": 0.0008999999999999998,
            "2": 0.03799999999999999,
            "3": 0.30590000000000006,
            "4": 0.08639999999999981
        },
        "digit_std_errors": {
            "0": 0.8250823582358251,
            "1": 0.00328511851185119,
            "2": 0.056320832083208275,
            "3": 1.3447383638363841,
            "4": 0.18312295229522757
        }
    },
    "MEDIUM_Y1": {
        "digit_mean_errors": {
            "0": 0.17149999999999999,
            "1": 0.0026000000000000007,
            "2": 0.0323,
            "3": 0.1499999999999999,
            "4": 0.06609999999999994
        },
        "digit_std_errors": {
            "0": 0.839753325332536,
            "1": 0.0017580558055805603,
            "2": 0.04539300930093009,
            "3": 0.20335033503350308,
            "4": 0.2424544954495449
        }
    },
    "MEDIUM_Y2": {
        "digit_mean_errors": {
            "0": 0.06160000000000032,
            "1": 0.0023,
            "2": 0.0325,
            "3": 0.14440000000000008,
            "4": 0.11109999999999998
        },
        "digit_std_errors": {
            "0": 0.36726440644064695,
            "1": 0.002265956595659567,
            "2": 0.04203195319531954,
            "3": 0.5022131813181319,
            "4": 0.39685389538953886
        }
    },
    "MEDIUM_Y3": {
        "digit_mean_errors": {
            "0": 0.11679999999999957,
            "1": 0.0006999999999999992,
            "2": 0.022099999999999995,
            "3": 0.1169,
            "4": 0.0857
        },
        "digit_std_errors": {
            "0": 1.2162233823382333,
            "1": 0.001085198519851992,
            "2": 0.02885419541954197,
            "3": 0.5223461046104618,
            "4": 0.26762239223922446
        }
    },
    "MEDIUM_Y4": {
        "digit_mean_errors": {
            "0": 0.05310000000000059,
            "1": 0.0025,
            "2": 0.005000000000000001,
            "3": 0.1925,
            "4": 0.005399999999999988
        },
        "digit_std_errors": {
            "0": 0.35796110611061227,
            "1": 0.0026890189018901906,
            "2": 0.005552555255525546,
            "3": 0.5699412441244132,
            "4": 0.01913451345134526
        }
    },